{
"object0":{
    "objName": "Assets/Models/Astronaut/Astronaut.obj",
    "position": [
        8.220000267028809,
        8.520000457763672,
        -0.9812090396881104
    ],
    "scale": [
        1.0,
        1.0,
        1.0
    ],
    "rotation": [
        7.670668125152588,
        75.87947845458985,
        27.950239181518556
    ]
},
"object1":{
    "objName": "Assets/Standard Assets/Characters/RollerBall/Models/RollerBall.fbx",
    "position": [
        0.0,
        5.210000038146973,
        -3.4200000762939455
    ],
    "scale": [
        1.5546404123306275,
        1.5546404123306275,
        1.5546404123306275
    ],
    "rotation": [
        0.0,
        0.0,
        0.0
    ]
},
"object2":{
    "objName": "Assets/Models/Astronaut/Astronaut.obj",
    "position": [
        8.23390007019043,
        14.300000190734864,
        -15.821000099182129
    ],
    "scale": [
        2.1754233837127687,
        2.175424337387085,
        2.175424337387085
    ],
    "rotation": [
        14.973851203918457,
        84.20494079589844,
        68.55535888671875
    ]
}}