{
"object0":{
    "objName": "Assets/Models/Pillar.obj",
    "objTexture": "Assets/Models/Grey_Tex.png",
    "position": [
        -4.937499046325684,
        -4.550034046173096,
        -8.694999694824219
    ],
    "scale": [
        0.3741700053215027,
        0.43389999866485598,
        0.3741700053215027
    ],
    "rotMat3_0": [
        -1.0,
        0.0,
        -8.742277657347586e-8
    ],
    "rotMat3_1": [
        0.0,
        1.0,
        0.0
    ],
    "rotMat3_2": [
        8.742277657347586e-8,
        0.0,
        -1.0
    ],
    "jsonCapsule": {
        "hasCapsule": true,
        "center": [
            0.0,
            8.881805419921875,
            0.0
        ],
        "radius": 11.582233428955079,
        "height": 1.9791409969329835
    }
}}