{
"object0":{
    "objName": "Assets/Models/PottedPlant.obj",
    "objTexture": "Assets/Models/QueenPalmTree_BaseColor.png",
    "position": [
        -20.100000381469728,
        0.30000001192092898,
        -6.900000095367432
    ],
    "scale": [
        0.6869286298751831,
        0.6869286298751831,
        0.6869286298751831
    ],
    "rotMat3_0": [
        -1.0,
        0.0,
        -8.742277657347586e-8
    ],
    "rotMat3_1": [
        0.0,
        1.0,
        0.0
    ],
    "rotMat3_2": [
        8.742277657347586e-8,
        0.0,
        -1.0
    ]
},
"object1":{
    "objName": "Assets/Models/FoodSign.obj",
    "objTexture": "Assets/Models/FoodSign_Tex.png",
    "position": [
        7.869999885559082,
        8.279199600219727,
        26.114999771118165
    ],
    "scale": [
        0.614979088306427,
        0.6149789690971375,
        0.7579408288002014
    ],
    "rotMat3_0": [
        1.1175870895385743e-8,
        0.4694715142250061,
        -0.882947564125061
    ],
    "rotMat3_1": [
        -4.470348358154297e-8,
        0.8829476237297058,
        0.4694715142250061
    ],
    "rotMat3_2": [
        1.0,
        4.470348358154297e-8,
        3.3527612686157229e-8
    ]
},
"object2":{
    "objName": "Assets/Models/FoodSign.obj",
    "objTexture": "Assets/Models/FoodSign_Tex.png",
    "position": [
        -3.618499994277954,
        8.279199600219727,
        26.114999771118165
    ],
    "scale": [
        0.614979088306427,
        0.6149789690971375,
        0.7579408288002014
    ],
    "rotMat3_0": [
        1.1175870895385743e-8,
        0.4694715142250061,
        -0.882947564125061
    ],
    "rotMat3_1": [
        -4.470348358154297e-8,
        0.8829476237297058,
        0.4694715142250061
    ],
    "rotMat3_2": [
        1.0,
        4.470348358154297e-8,
        3.3527612686157229e-8
    ]
},
"object3":{
    "objName": "Assets/Models/Cup.obj",
    "objTexture": "Assets/Models/CashRegister_Tex.png",
    "position": [
        4.420000076293945,
        6.010000228881836,
        17.43899917602539
    ],
    "scale": [
        0.42806464433670046,
        0.4280645251274109,
        0.42806464433670046
    ],
    "rotMat3_0": [
        -0.26232922077178957,
        0.0,
        -0.9649783968925476
    ],
    "rotMat3_1": [
        0.0,
        1.0,
        0.0
    ],
    "rotMat3_2": [
        0.9649783968925476,
        0.0,
        -0.26232922077178957
    ]
},
"object4":{
    "objName": "Assets/Models/Tray.obj",
    "objTexture": "Assets/Models/Blue_Tex.png",
    "position": [
        3.3210999965667726,
        5.800000190734863,
        17.829999923706056
    ],
    "scale": [
        0.32327914237976076,
        0.2536212205886841,
        0.3300766348838806
    ],
    "rotMat3_0": [
        5.960464477539063e-8,
        0.0,
        -0.9999999403953552
    ],
    "rotMat3_1": [
        0.0,
        1.0,
        0.0
    ],
    "rotMat3_2": [
        0.9999999403953552,
        0.0,
        5.960464477539063e-8
    ]
},
"object5":{
    "objName": "Assets/Models/Counter.obj",
    "objTexture": "Assets/Models/FFCounter_Tex.png",
    "position": [
        0.2999989986419678,
        -0.3600001335144043,
        17.899999618530275
    ],
    "scale": [
        0.7893266081809998,
        0.7893261909484863,
        0.7893264889717102
    ],
    "rotMat3_0": [
        -1.0,
        0.0,
        -8.742277657347586e-8
    ],
    "rotMat3_1": [
        0.0,
        1.0,
        0.0
    ],
    "rotMat3_2": [
        8.742277657347586e-8,
        0.0,
        -1.0
    ]
},
"object6":{
    "objName": "Assets/Models/Hamburger.obj",
    "objTexture": "Assets/Models/Hamburger_BaseColor.png",
    "position": [
        2.690000057220459,
        5.940000057220459,
        17.6200008392334
    ],
    "scale": [
        0.22152887284755708,
        0.22152887284755708,
        0.22152887284755708
    ],
    "rotMat3_0": [
        -1.0,
        0.0,
        -8.742277657347586e-8
    ],
    "rotMat3_1": [
        0.0,
        1.0,
        0.0
    ],
    "rotMat3_2": [
        8.742277657347586e-8,
        0.0,
        -1.0
    ]
},
"object7":{
    "objName": "Assets/Models/Door.obj",
    "objTexture": "Assets/Models/FFCounter_Tex.png",
    "position": [
        -16.97391700744629,
        0.6341843605041504,
        29.670000076293947
    ],
    "scale": [
        0.5602515935897827,
        0.5602515935897827,
        0.5602515935897827
    ],
    "rotMat3_0": [
        -1.0,
        0.0,
        -8.742277657347586e-8
    ],
    "rotMat3_1": [
        0.0,
        1.0,
        0.0
    ],
    "rotMat3_2": [
        8.742277657347586e-8,
        0.0,
        -1.0
    ]
},
"object8":{
    "objName": "Assets/Models/CashRegister.obj",
    "objTexture": "Assets/Models/CashRegister_Tex.png",
    "position": [
        -4.260000228881836,
        6.119999885559082,
        17.71500015258789
    ],
    "scale": [
        0.458357036113739,
        0.4583568871021271,
        0.4583568871021271
    ],
    "rotMat3_0": [
        -1.0,
        0.0,
        -8.742277657347586e-8
    ],
    "rotMat3_1": [
        0.0,
        1.0,
        0.0
    ],
    "rotMat3_2": [
        8.742277657347586e-8,
        0.0,
        -1.0
    ]
},
"object9":{
    "objName": "Assets/Models/Stage Pieces/FoodCourt_Floor.obj",
    "objTexture": "Assets/Models/floor_tiles.png",
    "position": [
        -0.6000000238418579,
        0.0,
        0.0
    ],
    "scale": [
        2.0,
        2.0,
        2.5
    ],
    "rotMat3_0": [
        -1.0,
        0.0,
        -8.742277657347586e-8
    ],
    "rotMat3_1": [
        0.0,
        1.0,
        0.0
    ],
    "rotMat3_2": [
        8.742277657347586e-8,
        0.0,
        -1.0
    ]
},
"object10":{
    "objName": "Assets/Models/table.obj",
    "objTexture": "Assets/Models/FFCounter_Tex.png",
    "position": [
        10.0,
        0.17000000178813935,
        3.9100000858306886
    ],
    "scale": [
        0.6958661079406738,
        0.6958661675453186,
        0.6958661675453186
    ],
    "rotMat3_0": [
        -1.0,
        0.0,
        -8.742277657347586e-8
    ],
    "rotMat3_1": [
        0.0,
        1.0,
        0.0
    ],
    "rotMat3_2": [
        8.742277657347586e-8,
        0.0,
        -1.0
    ]
},
"object11":{
    "objName": "Assets/Models/Pillar.obj",
    "objTexture": "Assets/Models/CashRegister_Tex.png",
    "position": [
        -22.459999084472658,
        -3.5999999046325685,
        12.850000381469727
    ],
    "scale": [
        1.0,
        1.1893903017044068,
        1.0
    ],
    "rotMat3_0": [
        -1.0,
        0.0,
        -8.742277657347586e-8
    ],
    "rotMat3_1": [
        0.0,
        1.0,
        0.0
    ],
    "rotMat3_2": [
        8.742277657347586e-8,
        0.0,
        -1.0
    ]
},
"object12":{
    "objName": "Assets/Models/Pillar.obj",
    "objTexture": "Assets/Models/CashRegister_Tex.png",
    "position": [
        -22.459999084472658,
        -3.5999999046325685,
        -19.899999618530275
    ],
    "scale": [
        1.0,
        1.1893903017044068,
        1.0
    ],
    "rotMat3_0": [
        -1.0,
        0.0,
        -8.742277657347586e-8
    ],
    "rotMat3_1": [
        0.0,
        1.0,
        0.0
    ],
    "rotMat3_2": [
        8.742277657347586e-8,
        0.0,
        -1.0
    ]
},
"object13":{
    "objName": "Assets/Models/Pillar.obj",
    "objTexture": "Assets/Models/CashRegister_Tex.png",
    "position": [
        21.0,
        -3.5999999046325685,
        12.850000381469727
    ],
    "scale": [
        1.0,
        1.1893903017044068,
        1.0
    ],
    "rotMat3_0": [
        -1.0,
        0.0,
        -8.742277657347586e-8
    ],
    "rotMat3_1": [
        0.0,
        1.0,
        0.0
    ],
    "rotMat3_2": [
        8.742277657347586e-8,
        0.0,
        -1.0
    ]
},
"object14":{
    "objName": "Assets/Models/Pillar.obj",
    "objTexture": "Assets/Models/CashRegister_Tex.png",